question_id,method,question,answer,success,retrieval_time,error_message,detail_method,detail_context_used,detail_num_retrieved,detail_retrieval_time
q001,baseline,Erkläre mir RAG in einfachen Worten,"Retrieval-Augmented Generation (RAG) ist eine Technik in der Künstlichen Intelligenz, die dabei hilft, bessere und genauere Antworten zu geben. Stell dir vor, ein Computer hat eine riesige Bibliothek mit vielen Büchern. Wenn du ihm eine Frage stellst, sucht er zuerst in dieser Bibliothek nach relevanten Informationen und nutzt diese, um eine passende Antwort zu erstellen. 

Das Besondere an RAG ist, dass es zwei Schritte kombiniert: Zuerst sucht es nach passenden Texten oder Fakten (Retrieval), und dann nutzt es diese Informationen, um eine verständliche Antwort zu generieren (Generation). Dadurch kann das System sehr präzise und faktenbasierte Antworten liefern, auch wenn es vorher nicht genau wusste, was die richtige Antwort ist.",True,2.2695202827453613,,baseline,False,,
q002,baseline,Was sind die Unterschiede zwischen Vektor- und Graph-Retrieval?,"Der Unterschied zwischen Vektor- und Graph-Retrieval liegt in der Art und Weise, wie Informationen gesucht und organisiert werden:

1. Vektor-Retrieval:
- Prinzip: Nutzt hochdimensionale Vektorrepräsentationen (Embeddings) von Dokumenten und Anfragen.
- Funktionsweise: Sowohl die Anfrage als auch die Dokumente werden in einen Vektorraum eingebettet. Die Suche erfolgt durch die Berechnung der Ähnlichkeit (z.B. Kosinus-Ähnlichkeit oder euklidische Distanz) zwischen den Vektoren.
- Vorteile: Sehr effizient bei großen Mengen unstrukturierter Daten, gut skalierbar, ermöglicht semantische Suche, die auch bei synonymen oder ähnlichen Begriffen funktioniert.
- Anwendungsbeispiele: Embedding-basierte Suchmaschinen, semantische Suche in Text- oder Bilddaten.

2. Graph-Retrieval:
- Prinzip: Nutzt graphbasierte Strukturen, bei denen Knoten (z.B. Dokumente, Konzepte) durch Kanten (Beziehungen) verbunden sind.
- Funktionsweise: Die Suche basiert auf Traversierung, Pfadfindung oder Graph-Algorithmen (z.B. Breadth-First Search, Dijkstra), um relevante Knoten basierend auf Beziehungen zu finden.
- Vorteile: Besonders geeignet für strukturierte Daten mit klaren Beziehungen, z.B. Wissensgraphen, Ontologien. Ermöglicht die Nutzung von Kontext und Beziehungsinformationen.
- Anwendungsbeispiele: Wissensgraphen, semantische Netzwerke, relationale Datenbanken.

Kurz gesagt:
- Vektor-Retrieval ist auf die semantische Ähnlichkeit in einem hochdimensionalen Raum fokussiert.
- Graph-Retrieval nutzt die Beziehungen zwischen Datenpunkten, um relevante Informationen anhand ihrer Verknüpfungen zu finden.

In der Praxis können beide Ansätze kombiniert werden, um die Stärken beider Methoden zu nutzen, z.B. durch eine hybride Retrieval-Strategie.",True,4.652741432189941,,baseline,False,,
q003,baseline,Welche Evaluationsmetriken sollte ich für mein RAG-System verwenden?,"Für die Evaluierung eines Retrieval-Augmented Generation (RAG)-Systems solltest du verschiedene Metriken in Betracht ziehen, um sowohl die Qualität der generierten Inhalte als auch die Effektivität der Retrieval-Komponente zu bewerten. Hier sind die wichtigsten Metriken:

1. **Genauigkeit der Retrieval-Komponente:**
   - **Recall@k:** Misst, wie oft relevante Dokumente in den Top-k Retrieval-Ergebnissen erscheinen. Wichtig, um die Fähigkeit des Systems zu bewerten, relevante Quellen zu finden.
   - **Precision@k:** Gibt an, wie viele der Top-k Ergebnisse tatsächlich relevant sind.
   - **F1-Score:** Harmonisches Mittel aus Precision und Recall, um eine ausgewogene Bewertung zu erhalten.

2. **Qualität der generierten Antworten:**
   - **BLEU:** Bewertet die Ähnlichkeit zwischen der generierten Antwort und Referenzantworten anhand n-gram-basierter Metriken.
   - **ROUGE:** Besonders nützlich für Textzusammenfassungen, misst die Überlappung von n-grams zwischen System- und Referenztexten.
   - **METEOR:** Berücksichtigt Synonyme und Wortstämme, was eine flexiblere Bewertung ermöglicht.
   - **BERTScore:** Nutzt Embeddings, um die semantische Ähnlichkeit zwischen generierten und Referenztexten zu messen.

3. **Faktische Genauigkeit und Konsistenz:**
   - **Faktenprüfung:** Überprüfung, ob die generierten Antworten korrekt und factual sind, z.B. durch automatische Faktenprüfungsmodelle oder menschliche Bewertung.
   - **Entropie und Diversität:** Messen, wie vielfältig und kreativ die generierten Antworten sind, um Über- oder Untergeneralisierung zu vermeiden.

4. **Benutzerzentrierte Metriken:**
   - **Antwortrelevanz und -kohärenz:** Durch Nutzerstudien oder Bewertungsframeworks wie Likert-Skalen.
   - **Nutzerzufriedenheit:** Feedback von Endanwendern, um die praktische Nützlichkeit zu bewerten.

**Zusammenfassung:**  
Eine umfassende Evaluation deines RAG-Systems sollte sowohl Retrieval-Performance-Metriken (Recall, Precision) als auch Textqualität-Metriken (BLEU, ROUGE, BERTScore) umfassen. Zusätzlich sind faktische Korrektheit und Nutzerfeedback wichtige",True,8.433415412902832,,baseline,False,,
q004,baseline,Wie optimiere ich die Performance meines RAG-Systems?,"Um die Performance deines Retrieval-Augmented Generation (RAG)-Systems zu optimieren, kannst du verschiedene Ansätze verfolgen:

1. **Verbesserung der Retrieval-Komponente:**
   - **Qualität der Dokumente:** Stelle sicher, dass die Datenquelle aktuell, relevant und gut strukturiert ist.
   - **Effiziente Indexierung:** Nutze leistungsfähige Such- und Indexierungstechnologien (z.B. FAISS, Elasticsearch), um schnelle und präzise Dokumentenabrufe zu gewährleisten.
   - **Relevanz-Modelle:** Trainiere oder fine-tune Retrieval-Modelle (z.B. Dense Passage Retrieval) auf deine spezifischen Daten, um relevantere Ergebnisse zu erzielen.

2. **Optimierung des Generierungsmodells:**
   - **Fine-Tuning:** Passe das Sprachmodell (z.B. GPT, BERT) auf domänenspezifische Daten an, um bessere Antworten zu generieren.
   - **Prompt-Engineering:** Entwickle effektive Prompts, um die Qualität der generierten Antworten zu verbessern.
   - **Temperatur und Top-k/Top-p Sampling:** Justiere diese Parameter, um die Kreativität und Präzision der Ausgaben zu steuern.

3. **Integration und Pipeline-Optimierung:**
   - **Caching:** Speichere häufig abgefragte Dokumente oder Antworten, um Latenz zu reduzieren.
   - **Parallelisierung:** Nutze parallele Verarbeitung für Retrieval und Generation, um die Antwortzeiten zu verkürzen.
   - **Asynchrone Verarbeitung:** Implementiere asynchrone Abläufe, um die Nutzererfahrung zu verbessern.

4. **Evaluation und Monitoring:**
   - **Metriken:** Überwache Relevanz, Genauigkeit und Nutzerzufriedenheit, um Schwachstellen zu identifizieren.
   - **A/B-Tests:** Teste verschiedene Konfigurationen, um die besten Einstellungen zu finden.

5. **Skalierung:**
   - **Hardware:** Nutze leistungsfähige Hardware (z.B. GPUs, TPUs) für Training und Inferenz.
   - **Cloud-Services:** Ziehe Cloud-basierte Lösungen in Betracht, um Ressourcen flexibel zu skalieren.

Durch eine Kombination dieser Ansätze kannst du die Effizienz, Genauigkeit und Nutzerzufriedenheit deines RAG-Systems deutlich verbessern.",True,4.980234384536743,,baseline,False,,
q005,baseline,Was kostet der Betrieb eines RAG-Systems?,"Der Betrieb eines Retrieval-Augmented Generation (RAG)-Systems kann je nach Umfang, Komplexität und eingesetzten Ressourcen variieren. Zu den wichtigsten Kostenfaktoren gehören:

1. Infrastrukturkosten: Für Server, Cloud-Services oder Rechenzentren, die die Modelle und Datenbanken hosten. Cloud-Anbieter wie AWS, Azure oder Google Cloud berechnen nach Nutzung, Speicher und Rechenleistung.

2. Modell- und Datenkosten: Lizenzkosten für vortrainierte Modelle (falls nicht Open Source) sowie die Kosten für die Pflege und Aktualisierung der Datenbanken, die für die Retrieval-Komponente genutzt werden.

3. Entwicklung und Wartung: Personalkosten für Entwickler, Data Scientists und Betriebspersonal, die das System implementieren, optimieren und überwachen.

4. Laufende Betriebskosten: Energie, Netzwerkbandbreite und Sicherheitsmaßnahmen.

Insgesamt können die monatlichen Kosten für ein kleines bis mittelgroßes RAG-System im Bereich von einigen hundert bis mehreren tausend Euro liegen. Große, unternehmenskritische Anwendungen mit hoher Nutzerzahl und umfangreichen Datenmengen können deutlich teurer sein.

Es ist wichtig, eine detaillierte Kostenanalyse basierend auf den spezifischen Anforderungen durchzuführen, um eine genaue Schätzung zu erhalten.",True,2.1715333461761475,,baseline,False,,
q006,baseline,Wie implementiere ich Hybrid Retrieval?,"Hybrid Retrieval ist eine Methode, bei der sowohl klassische (z. B. vektorbasiertes oder keyword-basiertes) als auch lernbasierte (z. B. neuronale Netze) Retrieval-Methoden kombiniert werden, um die Genauigkeit und Effizienz bei der Informationsbeschaffung zu verbessern. Hier sind die grundlegenden Schritte zur Implementierung eines Hybrid Retrieval-Systems:

1. Datenvorbereitung:
   - Sammle und bereite deine Dokumente oder Wissensbasis vor.
   - Indexiere die Daten sowohl mit klassischen Methoden (z. B. TF-IDF, BM25) als auch mit lernbasierten Embeddings (z. B. BERT, Sentence Transformers).

2. Dualer Retrieval-Ansatz:
   - Implementiere zwei Retrieval-Pipelines:
     a) Klassischer Retrieval: Nutzt keyword- oder regelbasierte Methoden, um schnell relevante Dokumente zu identifizieren.
     b) Embedding-basierter Retrieval: Nutzt neuronale Modelle, um semantisch ähnliche Dokumente anhand ihrer Vektorrepräsentationen zu finden.

3. Ergebnisfusion:
   - Kombiniere die Ergebnisse beider Retrieval-Methoden. Das kann durch:
     - Rangfusion (z. B. Interleaving, Score-Weighted Fusion)
     - Gewichtete Kombination (z. B. gewichte klassische und lernbasierte Scores unterschiedlich)
     - Auswahl der Top-K-Dokumente aus beiden Methoden sein.

4. Integration in den RAG-Workflow:
   - Nutze die kombinierten Retrieval-Ergebnisse als Kontext für dein Generierungsmodell (z. B. GPT, T5).
   - Stelle sicher, dass das Modell die relevanten Informationen aus beiden Quellen erhält, um präzise und umfassende Antworten zu generieren.

5. Feinabstimmung und Optimierung:
   - Teste verschiedene Gewichtungen und Fusion-Strategien.
   - Optimiere die Embedding-Modelle und die klassischen Indexe für bessere Performance.
   - Überwache die Qualität der Retrieval-Ergebnisse und passe die Methoden entsprechend an.

6. Skalierung und Deployment:
   - Implementiere effiziente Indexierung und Suchinfrastrukturen (z. B. FAISS, Elasticsearch).
   - Sorge für eine schnelle Antwortzeit, insbesondere bei großen Datenmengen.

Durch die Kombination der Stärken klassischer und lernbasierter Retrieval-Methoden kannst du ein robustes und leistungsfähiges Hybrid Retrieval-System aufbauen, das",True,6.744616508483887,,baseline,False,,
q007,baseline,Welche Vector Database sollte ich wählen?,"Bei der Auswahl einer Vector Database für Retrieval-Augmented Generation (RAG) hängt die Entscheidung von verschiedenen Faktoren ab, wie z.B. Leistungsfähigkeit, Skalierbarkeit, Integration, Kosten und spezifische Anwendungsfälle. Hier sind einige der bekanntesten und bewährtesten Optionen:

1. **Pinecone**: Eine vollständig verwaltete Vector Database, die hohe Skalierbarkeit, niedrige Latenzzeiten und einfache Integration bietet. Besonders geeignet für produktionsreife Anwendungen mit großen Datenmengen.

2. **Weaviate**: Open-Source und flexibel, unterstützt neben Vektorsuche auch semantische Abfragen und bietet eine integrierte Graph-Datenbank. Ideal, wenn du eine anpassbare Lösung suchst.

3. **FAISS (Facebook AI Similarity Search)**: Eine leistungsstarke Bibliothek für schnelle Ähnlichkeitssuche, die von Facebook entwickelt wurde. Wird oft in Forschungsprojekten und bei der Entwicklung eigener Lösungen verwendet, erfordert aber mehr Setup und Wartung.

4. **Milvus**: Open-Source, skalierbar und unterstützt eine Vielzahl von Vektor-Indexierungsalgorithmen. Geeignet für große Datenmengen und komplexe Suchanfragen.

5. **Annoy (Approximate Nearest Neighbors Oh Yeah)**: Entwickelt von Spotify, für schnelle Approximate Nearest Neighbor-Suchen, besonders bei kleineren bis mittleren Datensätzen.

**Empfehlung:**  
Wenn du eine einfache, skalierbare und wartungsarme Lösung suchst, ist Pinecone eine gute Wahl. Für mehr Flexibilität und Open-Source-Optionen bieten Weaviate, FAISS und Milvus starke Alternativen. Die Wahl sollte auch von deiner Infrastruktur, deinem Budget und den spezifischen Anforderungen deiner Anwendung abhängen.

Falls du noch unsicher bist, kannst du mit einer Open-Source-Lösung wie FAISS oder Milvus starten und später auf eine managed Lösung wie Pinecone umsteigen, wenn dein Projekt wächst.",True,3.6823790073394775,,baseline,False,,
q008,baseline,Was sind häufige Probleme bei RAG und wie löse ich sie?,"Bei Retrieval-Augmented Generation (RAG) treten häufig folgende Probleme auf, und es gibt entsprechende Lösungsansätze:

1. **Ungenaue oder veraltete Retrieval-Ergebnisse:**  
   *Problem:* Das Retrieval-Modul liefert manchmal irrelevante oder veraltete Dokumente, was die Qualität der generierten Antworten beeinträchtigt.  
   *Lösung:*  
   - Verbesserung der Retrieval-Methoden durch feinjustierte Suchalgorithmen, z.B. durch Einsatz von semantischer Suche mit embedding-basierten Vektorraumsystemen (z.B. FAISS, Pinecone).  
   - Aktualisierung der Datenbasis, um sicherzustellen, dass die Retrieval-Daten aktuell sind.  
   - Verwendung von Feedback-Mechanismen, um die Relevanz der Ergebnisse kontinuierlich zu verbessern.

2. **Schwierigkeiten bei der Integration der Retrieval-Ergebnisse in die Generierung:**  
   *Problem:* Das Sprachmodell versteht die bereitgestellten Dokumente nicht immer optimal oder nutzt sie nicht effektiv.  
   *Lösung:*  
   - Feinabstimmung des Generierungsmodells auf die spezifische Art der Retrieval-Ergebnisse.  
   - Verwendung von Prompt-Engineering oder speziellen Eingabestrukturen, um die Relevanz der Dokumente hervorzuheben.  
   - Implementierung von Mechanismen, die die wichtigsten Informationen aus den Retrieval-Ergebnissen extrahieren und priorisieren.

3. **Skalierungsprobleme bei großen Datenmengen:**  
   *Problem:* Bei sehr großen Dokumentensammlungen kann das Retrieval langsam werden oder die Qualität sinken.  
   *Lösung:*  
   - Einsatz effizienter Vektorsuchsysteme und Indexierungstechniken.  
   - Hierarchisches Retrieval, bei dem zuerst eine grobe Suche erfolgt, gefolgt von einer feineren Analyse.  
   - Nutzung von Cloud- oder Edge-Computing-Ressourcen zur Skalierung.

4. **Bias und Ungenauigkeiten in den Retrieval-Daten:**  
   *Problem:* Vorurteile oder Fehler in den Daten können zu falschen oder verzerrten Antworten führen.  
   *Lösung:*  
   - Daten sorgfältig prüfen und bereinigen.  
   - Diversität in den Quellen sicherstellen.  
   - Nachvollziehbarkeit und Transparenz bei der Datenquelle schaffen.

5. **Mangelnde Aktualität der Daten:**  
   *Problem:* Das Retrieval",True,7.271252155303955,,baseline,False,,
q009,baseline,Wie funktioniert RAG mit Knowledge Graphs?,"Retrieval-Augmented Generation (RAG) kombiniert generative Sprachmodelle mit einem externen Wissensspeicher, um präzisere und kontextbezogenere Antworten zu liefern. Bei der Verwendung von Knowledge Graphs (KGs) als Wissensquelle funktioniert RAG folgendermaßen:

1. **Wissensrepräsentation:**  
   Der Knowledge Graph stellt eine strukturierte Sammlung von Entitäten, Beziehungen und Attributen dar. Er enthält umfangreiches, vernetztes Wissen, das semantisch reichhaltig ist.

2. **Retrieval-Phase:**  
   Wenn eine Nutzerfrage gestellt wird, wird zunächst eine Abfrage (z.B. in Form von Schlüsselwörtern oder einer semantischen Repräsentation) generiert. Das System durchsucht den Knowledge Graph, um relevante Entitäten und Beziehungen zu identifizieren, die mit der Frage in Zusammenhang stehen. Dies kann durch Graph-basierte Suchalgorithmen, Embedding-basierte Retrieval-Methoden oder spezielle Indexierungstechniken erfolgen.

3. **Aufbereitung der Informationen:**  
   Die gefundenen relevanten Knoten und deren Verbindungen werden in eine Form gebracht, die vom generativen Modell verarbeitet werden kann. Das können strukturierte Daten, kurze Textbeschreibungen oder Embeddings sein.

4. **Generation:**  
   Das Sprachmodell (z.B. ein Transformer-basiertes Modell) erhält die ursprüngliche Nutzerfrage zusammen mit den extrahierten Knowledge-Graph-Informationen. Es integriert dieses Wissen, um eine konsistente, präzise und kontextbezogene Antwort zu generieren.

5. **Vorteile:**  
   Durch die Nutzung eines Knowledge Graphs kann RAG auf eine strukturierte, semantisch reiche Wissensbasis zugreifen, die oft aktueller und genauer ist als das im Modell selbst enthaltene Wissen. Zudem ermöglicht die strukturierte Natur des KGs eine gezielte und nachvollziehbare Informationsbeschaffung.

Kurz gesagt: RAG mit Knowledge Graphs nutzt die strukturierte Wissensbasis, um relevante Fakten und Zusammenhänge zu extrahieren, die dann in die Textgenerierung einfließen, um qualitativ hochwertige und faktisch korrekte Antworten zu erzeugen.",True,6.0134804248809814,,baseline,False,,
q010,baseline,Was ist der optimale Chunk-Size für meine Dokumente?,"Der optimale Chunk-Size für deine Dokumente hängt von mehreren Faktoren ab, darunter die Art der Dokumente, die verwendete KI-Modelle und die spezifischen Anwendungsfälle. Allgemein gilt:

- **Kleine Chunks (z.B. 100-300 Wörter):** Bieten eine präzisere Kontextaufnahme, was bei komplexen oder technischen Texten hilfreich ist. Allerdings kann die Anzahl der Chunks bei großen Dokumenten schnell steigen, was die Verarbeitung verlangsamt.

- **Mittlere Chunks (z.B. 500-1000 Wörter):** Sind ein guter Kompromiss zwischen Kontextumfang und Effizienz. Sie ermöglichen es, relevante Zusammenhänge zu erfassen, ohne die Verarbeitung zu überladen.

- **Große Chunks (>1000 Wörter):** Können den Kontext erweitern, aber riskieren, wichtige Details zu verwässern oder den Speicherbedarf zu erhöhen. Zudem könnten sie für einige Modelle zu lang sein, was zu Problemen bei der Verarbeitung führt.

In der Praxis empfiehlt es sich, den Chunk-Size so zu wählen, dass sie innerhalb der maximalen Eingabelänge des verwendeten Sprachmodells liegt (z.B. bei GPT-3.5/4 meist um die 4.096 bis 8.192 Token). Zudem sollte man testen, welche Chunk-Größe die besten Ergebnisse in Bezug auf Genauigkeit und Effizienz liefert. Es ist oft sinnvoll, eine Balance zwischen ausreichend Kontext und Verarbeitungsleistung zu finden.",True,4.2020487785339355,,baseline,False,,
q011,baseline,Welche Zukunftstrends gibt es bei RAG?,"Zukunftstrends bei Retrieval-Augmented Generation (RAG) und verwandten Technologien umfassen mehrere spannende Entwicklungen:

1. Verbesserte Retrieval-Methoden: Es wird erwartet, dass die Effizienz und Genauigkeit der Dokumenten- und Knowledge-Base-Suche durch fortschrittliche Indexierungstechniken, semantische Suchalgorithmen und Deep-Learning-basierte Retrieval-Modelle weiter steigt. Dadurch können relevantere Informationen schneller gefunden werden.

2. Integration von multimodalen Daten: Zukünftig könnten RAG-Systeme nicht nur Text, sondern auch Bilder, Videos und andere Datenformen nutzen, um umfassendere und kontextreichere Antworten zu generieren.

3. Dynamische und kontinuierliche Wissensaktualisierung: Statt statischer Knowledge Bases werden Systeme entwickelt, die in Echtzeit neue Informationen aufnehmen und verarbeiten können, um stets aktuelle Antworten zu liefern.

4. Verbesserte Effizienz und Skalierbarkeit: Durch Optimierungen in Modellarchitekturen und Hardware-Nutzung wird RAG in der Lage sein, auf größeren Datenmengen und in Echtzeit-Anwendungen effizient zu arbeiten.

5. Personalisierung und Kontextverständnis: Zukünftige RAG-Modelle werden besser darin, Nutzerkontext, Präferenzen und individuelle Anforderungen zu berücksichtigen, um maßgeschneiderte und präzisere Antworten zu liefern.

6. Anwendung in spezialisierten Domänen: RAG wird zunehmend in Bereichen wie Medizin, Recht, Wissenschaft und Technik eingesetzt, wo präzises und verlässliches Wissen essenziell ist.

7. Kombination mit anderen KI-Technologien: Die Verbindung von RAG mit Fortschritten in Bereichen wie Few-Shot-Learning, Zero-Shot-Learning und Explainability wird die Leistungsfähigkeit und Transparenz der Systeme weiter verbessern.

Insgesamt wird RAG in den kommenden Jahren eine zentrale Rolle bei der Entwicklung intelligenter, kontextbewusster und effizienter KI-Anwendungen spielen.",True,3.1108338832855225,,baseline,False,,
q012,baseline,Wie verbessere ich meine Embedding-Qualität?,"Um die Qualität Ihrer Embeddings zu verbessern, können Sie folgende Ansätze verfolgen:

1. **Verwenden Sie hochwertige Trainingsdaten:** Stellen Sie sicher, dass Ihre Daten sauber, vielfältig und repräsentativ für den Anwendungsfall sind. Hochwertige Daten führen zu aussagekräftigeren Embeddings.

2. **Wählen Sie geeignete Modelle:** Nutzen Sie fortschrittliche und gut bewertete Modelle wie BERT, RoBERTa, Sentence-BERT oder andere transformerbasierte Architekturen, die speziell für die Erzeugung von semantischen Embeddings optimiert sind.

3. **Feinabstimmung (Fine-Tuning):** Passen Sie das Modell auf Ihre spezifische Domäne oder Ihren Anwendungsfall an, indem Sie es auf domänenspezifischen Daten weiter trainieren. Das erhöht die Relevanz und Genauigkeit der Embeddings.

4. **Verwenden Sie geeignete Loss-Funktionen:** Bei der Feinabstimmung können spezielle Loss-Funktionen wie Contrastive Loss oder Triplet Loss helfen, semantisch ähnliche Inhalte näher zusammenzubringen und unähnliche weiter zu entfernen.

5. **Dimensionale Reduktion und Normalisierung:** Überprüfen Sie die Dimensionen Ihrer Embeddings und verwenden Sie Techniken wie PCA oder t-SNE, um die Qualität der Repräsentationen zu bewerten. Normalisierung (z.B. L2-Normalisierung) kann ebenfalls die Vergleichbarkeit verbessern.

6. **Evaluation und Benchmarking:** Testen Sie Ihre Embeddings regelmäßig anhand von relevanten Metriken (z.B. cosine similarity, Retrieval-Performance) und Benchmark-Datensätzen, um die Qualität zu messen und Verbesserungen zu steuern.

7. **Iterative Verbesserung:** Embeddings sind oft das Ergebnis eines iterativen Prozesses. Experimentieren Sie mit verschiedenen Modellen, Daten, Hyperparametern und Feinabstimmungstechniken, um die besten Ergebnisse zu erzielen.

Durch diese Maßnahmen können Sie die semantische Qualität Ihrer Embeddings deutlich steigern, was sich direkt positiv auf die Leistung von Retrieval-gestützten Systemen wie RAG auswirkt.",True,5.924242258071899,,baseline,False,,
q001,vector,Erkläre mir RAG in einfachen Worten,"RAG (Retrieval-Augmented Generation) ist eine Technik, bei der ein Large Language Model (LLM) mit externen Wissensquellen verbunden wird. Das Modell kann relevante Informationen aus einer Wissensbasis abrufen und diese in seine Antworten einbeziehen. Dadurch werden Halluzinationen reduziert und aktuellere, präzisere Antworten ermöglicht.",True,1.1120071411132812,,,,3.0,0.03517746925354004
q002,vector,Was sind die Unterschiede zwischen Vektor- und Graph-Retrieval?,"Vektor-Retrieval basiert auf der Umwandlung von Dokumenten und Anfragen in hochdimensionale Embeddings, wobei die Ähnlichkeit durch Metriken wie Cosinus-Ähnlichkeit gemessen wird, um semantische Ähnlichkeiten zu identifizieren. Graph-Retrieval hingegen nutzt Graphstrukturen, um Beziehungen zwischen Entitäten zu erfassen und komplexe, multi-hop Reasoning-Prozesse durch Graphtraversierung zu ermöglichen, insbesondere bei strukturierten Daten und expliziten semantischen Beziehungen.",True,2.3618009090423584,,,,3.0,0.0789647102355957
q003,vector,Welche Evaluationsmetriken sollte ich für mein RAG-System verwenden?,"Für die Evaluation deines RAG-Systems solltest du sowohl Retrieval- als auch Generierungsmetriken verwenden. Zur Messung der Retrieval-Qualität eignen sich Precision@K und Recall@K. Für die Qualität der generierten Antworten sind Metriken wie BLEU und ROUGE relevant, um Textähnlichkeit zu bewerten. Zusätzlich kannst du Faithfulness und Answer Relevancy heranziehen, um die Qualität und Relevanz der Antworten zu beurteilen. Für eine qualitative Bewertung bietet sich auch GPT-as-a-Judge an.",True,1.8142402172088623,,,,3.0,0.020255565643310547
q004,vector,Wie optimiere ich die Performance meines RAG-Systems?,"Um die Performance deines RAG-Systems zu optimieren, solltest du folgende Maßnahmen ergreifen:

1. **Embedding-Qualität verbessern:** Fine-tuning der Embedding-Modelle auf domänenspezifische Daten erhöht die Retrieval-Genauigkeit. Wähle ein geeignetes Base-Model (z.B. Sentence-Transformers) und achte auf sorgfältiges Preprocessing, Normalisierung und die Verwendung geeigneter Similarity-Metriken.

2. **Chunk-Strategien optimieren:** Gute Chunk-Qualität und angepasste Chunk-Größen verhindern Context-Window-Überschreitungen und verbessern die Relevanz der Retrieval-Ergebnisse.

3. **Re-ranking einsetzen:** Nach initialem Retrieval kann ein Re-ranking-Modell die Ergebnisse weiter filtern und irrelevante Resultate reduzieren.

4. **Latenz reduzieren:** Durch effiziente Indexierung, optimierte Chunking-Methoden und ggf. Einsatz von Real-time Updates kannst du die Latenz verringern.

5. **Erweiterte Technologien nutzen:** Trends wie Agentic RAG mit Tool-Usage, Multi-modal RAG oder Knowledge Graph-Integration können die Retrieval-Qualität und Flexibilität steigern.

6. **Fehlerquellen adressieren:** Um Halluzinationen zu minimieren, sollte die Generierung durch geeignete Prompt-Strategien oder zusätzliche Kontrollmechanismen unterstützt werden.

Durch diese Maßnahmen kannst du die Relevanz, Effizienz und Zuverlässigkeit deines RAG-Systems deutlich verbessern.",True,4.421302080154419,,,,3.0,0.018631935119628906
q005,vector,Was kostet der Betrieb eines RAG-Systems?,"Der Betrieb eines RAG-Systems kostet hauptsächlich durch LLM-API-Calls, Vector-Database-Hosting und Embedding-Generierung. Durch Caching von Embeddings und Antworten können diese Kosten reduziert werden. Der Einsatz lokaler Modelle kann API-Kosten eliminieren, erfordert jedoch eigene Infrastruktur.",True,1.0913872718811035,,,,3.0,0.020485877990722656
q006,vector,Wie implementiere ich Hybrid Retrieval?,"Um Hybrid Retrieval zu implementieren, kombinierst du typischerweise Dense Retrieval (mit neuronalen Embeddings für semantische Suche) und Sparse Retrieval (wie BM25 für exakte Keyword-Matches). Dabei kannst du die Ergebnisse beider Methoden zusammenführen, beispielsweise durch Ranggewichtung oder Fusion-Strategien, um die Stärken beider Ansätze zu nutzen. Dies ermöglicht eine effektive Abdeckung verschiedener Query-Typen und großer Wissensbasen.",True,3.6188714504241943,,,,3.0,0.06291580200195312
q007,vector,Welche Vector Database sollte ich wählen?,"Die Wahl der Vector Database hängt von deinen Anforderungen ab:

- Für managed Services mit einfacher Skalierung und geringem Wartungsaufwand sind Pinecone, Weaviate, Qdrant oder Chroma geeignet.
- Bei lokalen Implementierungen empfiehlt sich FAISS.
- Für eine kostengünstige Lösung kannst du PostgreSQL mit pgvector verwenden.

Berücksichtige dabei deine Skalierungs-, Latenz- und Budget-Anforderungen.",True,2.2267470359802246,,,,3.0,0.07912397384643555
q008,vector,Was sind häufige Probleme bei RAG und wie löse ich sie?,"Häufige Probleme bei RAG sind irrelevante Retrieval-Ergebnisse, Halluzinationen trotz RAG, hohe Latenz, Context-Window-Überschreitungen und schlechte Chunk-Qualität. Lösungen umfassen den Einsatz besserer Embeddings, Re-ranking-Methoden und optimierte Chunk-Strategien.",True,1.4200232028961182,,,,3.0,0.023165464401245117
q009,vector,Wie funktioniert RAG mit Knowledge Graphs?,"RAG mit Knowledge Graphs funktioniert, indem das Large Language Model externe Wissensquellen in Form von Knowledge Graphs nutzt. Dabei werden Entitäten und deren Beziehungen im Graph gespeichert. Das Retrieval erfolgt durch Graphtraversierung, wodurch komplexe, beziehungsbasierte Abfragen möglich sind. Die extrahierten Informationen werden in die Generierung eingebunden, um präzisere und aktuellere Antworten zu liefern, während Halluzinationen reduziert werden.",True,1.4459426403045654,,,,3.0,0.04644656181335449
q010,vector,Was ist der optimale Chunk-Size für meine Dokumente?,"Die optimale Chunk-Size hängt vom Use Case ab. Für präzises Retrieval sind kleinere Chunks (100-200 Tokens) geeignet, während größere Chunks (500-1000 Tokens) mehr Kontext bieten. Es wird empfohlen, mit verschiedenen Größen zu experimentieren, um die beste Balance zwischen Präzision und Kontext für deine Anwendung zu finden.",True,1.2516393661499023,,,,3.0,0.01712346076965332
q011,vector,Welche Zukunftstrends gibt es bei RAG?,"Zukünftige Trends bei RAG umfassen die Weiterentwicklung von Agentic RAG mit Tool-Usage, Multi-modal RAG für Bilder und Videos sowie Adaptive Retrieval, das auf Query-Komplexität reagiert. Zudem gewinnt die Knowledge Graph-Integration an Bedeutung, um die Wissensrepräsentation zu verbessern. Real-time Updates und personalisierte Retrieval-Strategien werden ebenfalls wichtiger, um die Aktualität und Relevanz der Informationen zu erhöhen.",True,0.9907796382904053,,,,3.0,0.0183107852935791
q012,vector,Wie verbessere ich meine Embedding-Qualität?,"Um die Embedding-Qualität zu verbessern, solltest du das Fine-tuning von domänenspezifischen Daten in Betracht ziehen, da dies die Retrieval-Qualität deutlich steigert. Zudem ist die Wahl des Base-Models (z.B. OpenAI oder Sentence-Transformers) entscheidend. Wichtig sind außerdem sorgfältiges Preprocessing, Normalisierung der Daten sowie die Verwendung geeigneter Similarity-Metriken, um die Ähnlichkeit zwischen Embeddings präzise zu messen.",True,1.2648651599884033,,,,3.0,0.1003575325012207
q001,graph,Erkläre mir RAG in einfachen Worten,"RAG (Retrieval-Augmented Generation) ist eine Technik, bei der ein Large Language Model (LLM) mit externen Wissensquellen verbunden wird. Das Modell ruft relevante Informationen aus einer Wissensbasis ab und nutzt diese, um bessere und aktuellere Antworten zu geben. Dadurch werden Halluzinationen reduziert und die Antworten sind genauer.",True,2.2897257804870605,,,,2.0,0.011868953704833984
q002,graph,Was sind die Unterschiede zwischen Vektor- und Graph-Retrieval?,"Vektor-Retrieval (wie Dense Retrieval) nutzt neuronale Embeddings, um semantische Ähnlichkeiten zwischen Anfragen und Dokumenten zu erkennen, während Graph-Retrieval Beziehungen zwischen Entitäten in Knowledge Graphs erfasst und komplexe multi-hop Reasoning ermöglicht. Vektor-Retrieval ist auf semantische Suche ausgelegt, während Graph-Retrieval strukturierte, relationale Daten nutzt, um Kontext durch Graphtraversierung zu liefern.",True,1.8774693012237549,,,,3.0,0.012179374694824219
q003,graph,Welche Evaluationsmetriken sollte ich für mein RAG-System verwenden?,"Für die Evaluation deines RAG-Systems solltest du sowohl Textähnlichkeitsmetriken wie BLEU und ROUGE sowie qualitative Metriken wie Faithfulness und Answer Relevancy verwenden. Zusätzlich können Retrieval-Metriken wie Precision@K und Recall@K eingesetzt werden, um die Qualität der abgerufenen Dokumente zu messen. Bei der qualitativen Bewertung kommt häufig GPT-as-a-Judge zum Einsatz.",True,1.743481159210205,,,,3.0,0.011959075927734375
q004,graph,Wie optimiere ich die Performance meines RAG-Systems?,"Da keine spezifischen Kontext-Informationen vorliegen, kann ich nur allgemeine Empfehlungen zur Optimierung der Performance eines RAG-Systems geben:

1. **Verbesserung der Retrieval-Qualität:** Nutze fortschrittliche Suchalgorithmen (z.B. Dense Retrieval mit BERT-basierten Embeddings), um relevantere Dokumente zu finden.

2. **Optimierung der Dokumenten-Datenbank:** Stelle sicher, dass die Dokumente gut indexiert sind und relevante Inhalte enthalten, um die Retrieval-Genauigkeit zu erhöhen.

3. **Feinabstimmung des Generierungsmodells:** Trainiere das Sprachmodell auf domänenspezifischen Daten, um die Qualität der Antworten zu verbessern.

4. **Effizienz bei der Inferenz:** Nutze Techniken wie Batch-Verarbeitung, Caching oder Quantisierung, um die Latenz zu verringern.

5. **Hybrid-Ansätze:** Kombiniere verschiedene Retrieval-Methoden, um die Robustheit und Genauigkeit zu steigern.

Ohne spezifische Kontext-Informationen sind diese Empfehlungen allgemein gehalten.",True,2.2845184803009033,,,,0.0,0.011437177658081055
q005,graph,Was kostet der Betrieb eines RAG-Systems?,"Die Kosten für den Betrieb eines Retrieval-Augmented Generation (RAG)-Systems hängen von verschiedenen Faktoren ab, wie z.B. der Infrastruktur, den verwendeten Modellen, der Größe der Datenbank für den Retrieval-Prozess und der Skalierung. Da in den bereitgestellten Kontext-Informationen keine spezifischen Details enthalten sind, kann ich keine genauen Kostenschätzungen geben.",True,0.8332188129425049,,,,0.0,0.01086878776550293
q006,graph,Wie implementiere ich Hybrid Retrieval?,"Um Hybrid Retrieval zu implementieren, kombiniere typischerweise Dense Retrieval (mit neuronalen Embeddings für semantische Ähnlichkeit) und Sparse Retrieval (wie BM25 für exakte Keyword-Matches). Dabei kannst du beide Retrieval-Methoden parallel oder sequenziell einsetzen und die Ergebnisse zusammenführen, um die Stärken beider Ansätze zu nutzen. Dies ermöglicht eine effektive Abdeckung verschiedener Query-Typen und großer Wissensbasen.",True,1.289454698562622,,,,3.0,0.010819196701049805
q007,graph,Welche Vector Database sollte ich wählen?,"Die Wahl der Vector Database hängt von deinen Anforderungen ab. Für managed Services sind Pinecone, Weaviate, Qdrant und Chroma empfehlenswert. Wenn du eine lokale Lösung bevorzugst, eignet sich FAISS. Alternativ ist PostgreSQL mit pgvector eine kostengünstige Option. Berücksichtige Skalierung, Latenz und Budget bei der Entscheidung.",True,7.5936195850372314,,,,3.0,0.012328624725341797
q008,graph,Was sind häufige Probleme bei RAG und wie löse ich sie?,"Häufige Probleme bei RAG sind irrelevante Retrieval-Ergebnisse, Halluzinationen trotz Nutzung von RAG, hohe Latenz, Context-Window-Überschreitungen und schlechte Chunk-Qualität. Um diese zu lösen, können bessere Embeddings eingesetzt, Re-ranking-Methoden angewendet und optimierte Chunk-Strategien implementiert werden. Zudem helfen adaptive Retrieval-Strategien und Knowledge Graph-Integration, die Relevanz und Aktualität der Ergebnisse zu verbessern.",True,1.9385535717010498,,,,3.0,0.01354217529296875
q009,graph,Wie funktioniert RAG mit Knowledge Graphs?,"RAG mit Knowledge Graphs integriert externe Wissensquellen, indem das Modell relevante Informationen aus dem Knowledge Graph abruft und diese in die Generierung einbezieht. Dabei kann der Knowledge Graph als erweiterte Wissensbasis dienen, die durch Retrieval-Methoden abgefragt wird. Die Kombination ermöglicht eine präzisere und aktuellere Beantwortung, reduziert Halluzinationen und unterstützt eine semantisch reiche Einbindung von Wissen in die Language-Model-Ausgaben.",True,1.4855906963348389,,,,3.0,0.012581825256347656
q010,graph,Was ist der optimale Chunk-Size für meine Dokumente?,"Die optimale Chunk-Size für Dokumente hängt von der spezifischen Anwendung und den verwendeten Retrieval- und Generierungsmethoden ab. Da keine konkreten Kontext-Informationen vorliegen, kann ich keine spezifische Empfehlung geben. Allgemein gilt: Eine zu kleine Chunk-Size kann die Kontextualität beeinträchtigen, während eine zu große Chunk-Size die Effizienz und Genauigkeit der Retrieval-Komponente verringern kann. Es ist üblich, eine Balance zu finden, beispielsweise zwischen 200 und 500 Token pro Chunk.",True,3.0965683460235596,,,,0.0,0.011138200759887695
q011,graph,Welche Zukunftstrends gibt es bei RAG?,"Zukünftige Trends bei RAG umfassen die Entwicklung von Agentic RAG mit Tool-Usage, Multi-modal RAG für Bilder und Videos sowie Adaptive Retrieval, das sich an die Query-Komplexität anpasst. Zudem gewinnt die Knowledge Graph-Integration an Bedeutung, ebenso Echtzeit-Updates und personalisierte Retrieval-Strategien.",True,0.9064774513244629,,,,3.0,0.013225555419921875
q012,graph,Wie verbessere ich meine Embedding-Qualität?,"Da keine spezifischen Kontext-Informationen vorliegen, kann ich nur allgemein empfehlen: Um die Embedding-Qualität zu verbessern, solltest du sicherstellen, dass du ein geeignetes, gut trainiertes Modell verwendest, das auf deiner Domäne spezialisiert ist. Zudem kann die Optimierung der Trainingsdaten, z.B. durch Datenaugmentation oder sorgfältige Datenvorbereitung, sowie die Feinabstimmung (Fine-Tuning) des Embedding-Modells auf deine spezifischen Anwendungsfälle die Qualität steigern.",True,1.13442063331604,,,,0.0,0.010268211364746094
q001,hybrid,Erkläre mir RAG in einfachen Worten,"RAG (Retrieval-Augmented Generation) ist eine Technik, bei der ein Large Language Model (LLM) mit externen Wissensquellen verbunden wird. Das Modell kann relevante Informationen aus einer Wissensbasis abrufen und diese in seine Antworten einbeziehen. Dadurch werden Halluzinationen reduziert und aktuellere, präzisere Antworten ermöglicht.",True,1.2919485569000244,,,,3.0,0.02896857261657715
q002,hybrid,Was sind die Unterschiede zwischen Vektor- und Graph-Retrieval?,"Vektor-Retrieval basiert auf der Umwandlung von Dokumenten und Anfragen in hochdimensionale Embeddings, wobei die Ähnlichkeit durch Metriken wie Cosinus-Ähnlichkeit gemessen wird. Es eignet sich gut für semantische Suche und nutzt Bibliotheken wie FAISS für schnelle Suche in großen Vektorräumen. 

Graph-Retrieval hingegen nutzt Graphstrukturen, um Beziehungen zwischen Entitäten zu erfassen und komplexe, multi-hop Reasoning-Prozesse zu ermöglichen. Es ist besonders effektiv bei strukturierten Daten und kann Kontext durch Graphtraversierung liefern, wobei Knowledge Graphs explizite semantische Beziehungen darstellen.

Kurz gesagt: Vektor-Retrieval fokussiert auf semantische Ähnlichkeit in hochdimensionalen Vektorräumen, während Graph-Retrieval auf die Nutzung von relationalen Strukturen und Beziehungen zwischen Entitäten setzt.",True,3.2174453735351562,,,,3.0,0.06281375885009766
q003,hybrid,Welche Evaluationsmetriken sollte ich für mein RAG-System verwenden?,"Für die Evaluation deines RAG-Systems solltest du sowohl Textähnlichkeitsmetriken wie BLEU und ROUGE sowie qualitative Metriken wie Faithfulness und Answer Relevancy verwenden. Zusätzlich sind Retrieval-Metriken wie Precision@K und Recall@K wichtig, um die Qualität der abgerufenen Dokumente zu messen. Falls möglich, kann auch GPT-as-a-Judge für eine qualitative Bewertung eingesetzt werden.",True,1.299447774887085,,,,3.0,0.045612335205078125
q004,hybrid,Wie optimiere ich die Performance meines RAG-Systems?,"Um die Performance deines RAG-Systems zu optimieren, solltest du folgende Maßnahmen ergreifen:

1. **Embedding-Qualität verbessern:** Fine-tuning von domänenspezifischen Embedding-Modellen (z.B. Sentence-Transformers) auf deine Daten erhöht die Retrieval-Genauigkeit.

2. **Base-Model-Auswahl:** Wähle ein geeignetes Base-Model, das gut zu deiner Domäne passt, um bessere Embeddings zu generieren.

3. **Preprocessing und Normalisierung:** Sorge für konsistentes Preprocessing und Normalisierung der Daten, um relevante Ergebnisse zu fördern.

4. **Similarity-Metriken optimieren:** Nutze geeignete Similarity-Metriken, um relevante Dokumente präziser zu identifizieren.

5. **Re-ranking:** Implementiere Re-ranking-Strategien, um irrelevante Ergebnisse zu filtern und die Qualität der Retrieval-Ergebnisse zu steigern.

6. **Chunk-Strategien verbessern:** Optimiere die Chunk-Größe und -Qualität, um Context-Window-Überschreitungen zu vermeiden und relevante Informationen besser zu erfassen.

7. **Adaptive Retrieval:** Nutze adaptive Retrieval-Methoden, die sich an die Query-Komplexität anpassen, um Effizienz und Relevanz zu steigern.

8. **Probleme adressieren:** Bei Halluzinationen oder hoher Latenz können bessere Embeddings, Re-ranking und optimierte Chunking-Strategien helfen.

Durch diese Maßnahmen kannst du die Retrieval-Qualität, Effizienz und insgesamt die Performance deines RAG-Systems deutlich verbessern.",True,4.387305736541748,,,,3.0,0.0312657356262207
q005,hybrid,Was kostet der Betrieb eines RAG-Systems?,"Der Betrieb eines RAG-Systems kostet hauptsächlich durch LLM-API-Calls, Vector-Database-Hosting und Embedding-Generierung. Durch Caching von Embeddings und Antworten können diese Kosten reduziert werden. Der Einsatz lokaler Modelle kann API-Kosten eliminieren, erfordert jedoch eigene Infrastruktur.",True,1.2489240169525146,,,,3.0,0.03326416015625
q006,hybrid,Wie implementiere ich Hybrid Retrieval?,"Um Hybrid Retrieval zu implementieren, kombinierst du typischerweise Dense Retrieval (mit neuronalen Embeddings für semantische Ähnlichkeit) und Sparse Retrieval (wie BM25 für exakte Keyword-Matches). Dabei kannst du beide Retrieval-Ergebnisse zusammenführen, beispielsweise durch eine Rangaggregation oder Gewichtung, um die Stärken beider Ansätze zu nutzen. Dies ermöglicht eine effektive Suche bei verschiedenen Query-Typen und großen Wissensbasen.",True,1.2562358379364014,,,,3.0,0.04437613487243652
q007,hybrid,Welche Vector Database sollte ich wählen?,"Die Wahl der Vector Database hängt von deinen Anforderungen ab:

- Für managed Services mit einfacher Skalierung und geringem Wartungsaufwand sind Pinecone, Weaviate, Qdrant oder Chroma geeignet.
- Wenn du eine lokale Lösung bevorzugst, ist FAISS eine gute Option.
- Für kosteneffiziente Lösungen kannst du auch PostgreSQL mit pgvector in Betracht ziehen.

Berücksichtige dabei deine Skalierungs-, Latenz- und Budget-Anforderungen.",True,1.174473524093628,,,,3.0,0.02971625328063965
q008,hybrid,Was sind häufige Probleme bei RAG und wie löse ich sie?,"Häufige Probleme bei RAG sind irrelevante Retrieval-Ergebnisse, Halluzinationen trotz RAG, hohe Latenz, Context-Window-Überschreitungen und schlechte Chunk-Qualität. Lösungen umfassen den Einsatz besserer Embeddings, Re-ranking der Retrieval-Ergebnisse sowie optimierte Chunk-Strategien, um die Qualität und Relevanz der Daten zu verbessern.",True,1.6205286979675293,,,,3.0,0.06397271156311035
q009,hybrid,Wie funktioniert RAG mit Knowledge Graphs?,"RAG mit Knowledge Graphs funktioniert, indem das Large Language Model externe Wissensquellen in Form von Knowledge Graphs nutzt. Dabei werden Entitäten und deren Beziehungen im Graph gespeichert. Die Retrieval-Phase erfolgt durch Graphtraversierung, bei der relevante Informationen anhand der expliziten semantischen Beziehungen im Graph abgerufen werden. Diese extrahierten Informationen werden dann in die Generierung der Antwort integriert, um präzise und beziehungsbasierte Ergebnisse zu liefern.",True,1.848536491394043,,,,3.0,0.04024243354797363
q010,hybrid,Was ist der optimale Chunk-Size für meine Dokumente?,"Die optimale Chunk-Size hängt vom Use Case ab. Für präzises Retrieval sind kleinere Chunks (100-200 Tokens) geeignet, während größere Chunks (500-1000 Tokens) mehr Kontext bieten. Es wird empfohlen, mit verschiedenen Größen zu experimentieren, um die beste Balance zwischen Präzision und Kontext für deine Anwendung zu finden.",True,1.476572036743164,,,,3.0,0.08952474594116211
q011,hybrid,Welche Zukunftstrends gibt es bei RAG?,"Die Zukunftstrends bei RAG umfassen die Entwicklung von Agentic RAG mit Tool-Usage, Multi-modal RAG für die Integration von Bildern und Videos sowie Adaptive Retrieval, das sich an die Query-Komplexität anpasst. Zudem gewinnt Knowledge Graph-Integration an Bedeutung, um die Wissensrepräsentation zu verbessern. Real-time Updates und personalisierte Retrieval-Strategien werden ebenfalls wichtiger, um aktuellere und individuellere Antworten zu ermöglichen. Weiterhin erleichtert Frameworks wie LangChain die modulare Implementierung und Integration verschiedener Tools und Datenquellen, was die Weiterentwicklung von RAG-Systemen fördert.",True,1.342228651046753,,,,3.0,0.029166698455810547
q012,hybrid,Wie verbessere ich meine Embedding-Qualität?,"Um die Embedding-Qualität zu verbessern, solltest du das Fine-tuning von domänenspezifischen Daten in Betracht ziehen, da dies die Retrieval-Qualität deutlich steigert. Zudem ist die Wahl des Base-Models (z.B. OpenAI oder Sentence-Transformers) entscheidend. Wichtig sind auch sorgfältiges Preprocessing, Normalisierung der Daten sowie die Verwendung geeigneter Similarity-Metriken, um die Ähnlichkeit zwischen Embeddings präzise zu messen.",True,1.4179635047912598,,,,3.0,0.02711939811706543
